Language,Dialect,Source,Segment,Type,Notes
Asho,Hill,Tignor,pʰ,consonant,
Asho,Hill,Tignor,p,consonant,
Asho,Hill,Tignor,b,consonant,
Asho,Hill,Tignor,m̥,consonant,
Asho,Hill,Tignor,m,consonant,
Asho,Hill,Tignor,w,consonant,
Asho,Hill,Tignor,t,consonant,
Asho,Hill,Tignor,tʰ,consonant,
Asho,Hill,Tignor,ɗ,consonant,
Asho,Hill,Tignor,s,consonant,
Asho,Hill,Tignor,sʰ,consonant,
Asho,Hill,Tignor,z,consonant,
Asho,Hill,Tignor,n̥,consonant,
Asho,Hill,Tignor,n,consonant,
Asho,Hill,Tignor,ɹ,consonant,
Asho,Hill,Tignor,l̥,consonant,
Asho,Hill,Tignor,l,consonant,
Asho,Hill,Tignor,ɕ,consonant,
Asho,Hill,Tignor,tɕʰ,consonant,
Asho,Hill,Tignor,tɕ,consonant,
Asho,Hill,Tignor,dʑ,consonant,
Asho,Hill,Tignor,ɲ,consonant,
Asho,Hill,Tignor,ɲ̥,consonant,
Asho,Hill,Tignor,j,consonant,
Asho,Hill,Tignor,ŋ,consonant,
Asho,Hill,Tignor,ŋ̊,consonant,
Asho,Hill,Tignor,k,consonant,
Asho,Hill,Tignor,kʰ,consonant,
Asho,Hill,Tignor,g,consonant,
Asho,Hill,Tignor,ʔ,consonant,
Asho,Hill,Tignor,h,consonant,
Asho,Hill,Tignor,ɦ,consonant,
Asho,Hill,Tignor,i,vowel,
Asho,Hill,Tignor,ɪ,vowel,
Asho,Hill,Tignor,ʏ,vowel,
Asho,Hill,Tignor,e,vowel,
Asho,Hill,Tignor,ɛ,vowel,
Asho,Hill,Tignor,ʉ,vowel,
Asho,Hill,Tignor,a,vowel,
Asho,Hill,Tignor,u,vowel,
Asho,Hill,Tignor,ɤ,vowel,
Asho,Hill,Tignor,o,vowel,
Asho,Hill,Tignor,ɔ,vowel,
Asho,Hill,Tignor,a,vowel,
Asho,Hill,Tignor,ei,vowel,
Asho,Hill,Tignor,ai,vowel,
Asho,Hill,Tignor,au,vowel,
Asho,,Otsuka,p,consonant,
Asho,,Otsuka,pʰ,consonant,
Asho,,Otsuka,b,consonant,
Asho,,Otsuka,m̥,consonant,
Asho,,Otsuka,m,consonant,
Asho,,Otsuka,w,consonant,
Asho,,Otsuka,t,consonant,
Asho,,Otsuka,tʰ,consonant,
Asho,,Otsuka,d,consonant,
Asho,,Otsuka,s,consonant,
Asho,,Otsuka,sʰ,consonant,
Asho,,Otsuka,z,consonant,
Asho,,Otsuka,n̥,consonant,
Asho,,Otsuka,n,consonant,
Asho,,Otsuka,ɹ,consonant,
Asho,,Otsuka,l̥,consonant,
Asho,,Otsuka,l,consonant,
Asho,,Otsuka,ɕ,consonant,
Asho,,Otsuka,tɕ,consonant,
Asho,,Otsuka,tɕʰ,consonant,
Asho,,Otsuka,dʑ,consonant,
Asho,,Otsuka,ɲ̊,consonant,
Asho,,Otsuka,ɲ,consonant,
Asho,,Otsuka,j,consonant,
Asho,,Otsuka,k,consonant,
Asho,,Otsuka,kʰ,consonant,
Asho,,Otsuka,g,consonant,
Asho,,Otsuka,ŋ̊,consonant,
Asho,,Otsuka,ŋ,consonant,
Asho,,Otsuka,ʔ,consonant,
Asho,,Otsuka,h,consonant,
Asho,,Otsuka,ɦ,consonant,
Asho,,Otsuka,i,vowel,
Asho,,Otsuka,ɪ,vowel,
Asho,,Otsuka,ʏ,vowel,
Asho,,Otsuka,e,vowel,
Asho,,Otsuka,ɛ,vowel,
Asho,,Otsuka,u,vowel,
Asho,,Otsuka,ʊ,vowel,
Asho,,Otsuka,o,vowel,
Asho,,Otsuka,o,vowel,
Asho,,Otsuka,a,vowel,
Asho,,Otsuka,ɑɪ,vowel,
Asho,,Otsuka,ɑʊ,vowel,
Daai,Yang,So-Hartmann,p,consonant,
Daai,Yang,So-Hartmann,pʰ,consonant,
Daai,Yang,So-Hartmann,b,consonant,
Daai,Yang,So-Hartmann,m̥,consonant,
Daai,Yang,So-Hartmann,m,consonant,
Daai,Yang,So-Hartmann,w,consonant,
Daai,Yang,So-Hartmann,t,consonant,
Daai,Yang,So-Hartmann,tʰ,consonant,
Daai,Yang,So-Hartmann,d,consonant,
Daai,Yang,So-Hartmann,s,consonant,
Daai,Yang,So-Hartmann,sʰ,consonant,
Daai,Yang,So-Hartmann,ɬ,consonant,
Daai,Yang,So-Hartmann,n̊,consonant,
Daai,Yang,So-Hartmann,n,consonant,
Daai,Yang,So-Hartmann,l,consonant,
Daai,Yang,So-Hartmann,j,consonant,
Daai,Yang,So-Hartmann,k,consonant,
Daai,Yang,So-Hartmann,kʰ,consonant,
Daai,Yang,So-Hartmann,x,consonant,
Daai,Yang,So-Hartmann,ɣ,consonant,
Daai,Yang,So-Hartmann,ŋ̊,consonant,
Daai,Yang,So-Hartmann,ŋ,consonant,
Daai,Yang,So-Hartmann,ʔ,consonant,
Daai,Yang,So-Hartmann,h,consonant,
Daai,Yang,So-Hartmann,i,vowel,
Daai,Yang,So-Hartmann,iː,vowel,
Daai,Yang,So-Hartmann,ɛ,vowel,
Daai,Yang,So-Hartmann,ɛː,vowel,
Daai,Yang,So-Hartmann,ə,vowel,
Daai,Yang,So-Hartmann,əː,vowel,
Daai,Yang,So-Hartmann,a,vowel,
Daai,Yang,So-Hartmann,a:,vowel,
Daai,Yang,So-Hartmann,ɯ,vowel,
Daai,Yang,So-Hartmann,ɯː,vowel,
Daai,Yang,So-Hartmann,u,vowel,
Daai,Yang,So-Hartmann,u:,vowel,
Daai,Yang,So-Hartmann,ɔ,vowel,
Daai,Yang,So-Hartmann,ɔː,vowel,
Daai,Yang,So-Hartmann,ɛi,vowel,
Daai,Yang,So-Hartmann,ɛːi,vowel,
Daai,Yang,So-Hartmann,ai,vowel,
Daai,Yang,So-Hartmann,aːi,vowel,
Daai,Yang,So-Hartmann,əi,vowel,
Daai,Yang,So-Hartmann,əːi,vowel,
Daai,Yang,So-Hartmann,ɔi,vowel,
Daai,Yang,So-Hartmann,ɔːi,vowel,
Daai,Yang,So-Hartmann,ɯi,vowel,
Daai,Yang,So-Hartmann,ɯːi,vowel,
Daai,Yang,So-Hartmann,ui,vowel,
Daai,Yang,So-Hartmann,uːi,vowel,
Daai,Yang,So-Hartmann,əɯ,vowel,
Daai,Yang,So-Hartmann,aɯ,vowel,
Daai,Yang,So-Hartmann,aːɯ,vowel,
Daai,Yang,So-Hartmann,ɔu,vowel,
Falam,Falam City,Thuan,p,consonant,
Falam,Falam City,Thuan,pʰ,consonant,
Falam,Falam City,Thuan,b,consonant,
Falam,Falam City,Thuan,f,consonant,
Falam,Falam City,Thuan,m̥,consonant,
Falam,Falam City,Thuan,m,consonant,
Falam,Falam City,Thuan,w,consonant,
Falam,Falam City,Thuan,t̪,consonant,
Falam,Falam City,Thuan,t̪ʰ,consonant,
Falam,Falam City,Thuan,d̪,consonant,
Falam,Falam City,Thuan,t,consonant,
Falam,Falam City,Thuan,tʰ,consonant,
Falam,Falam City,Thuan,d,consonant,
Falam,Falam City,Thuan,s,consonant,
Falam,Falam City,Thuan,ts,consonant,
Falam,Falam City,Thuan,tɬ,consonant,
Falam,Falam City,Thuan,tɬʰ,consonant,
Falam,Falam City,Thuan,n̊,consonant,
Falam,Falam City,Thuan,n,consonant,
Falam,Falam City,Thuan,ɾ̥,consonant,
Falam,Falam City,Thuan,ɾ,consonant,
Falam,Falam City,Thuan,l̥,consonant,
Falam,Falam City,Thuan,l,consonant,
Falam,Falam City,Thuan,j,consonant,
Falam,Falam City,Thuan,k,consonant,
Falam,Falam City,Thuan,kʰ,consonant,
Falam,Falam City,Thuan,ŋ̊,consonant,
Falam,Falam City,Thuan,ŋ,consonant,
Falam,Falam City,Thuan,ʔ,consonant,
Falam,Falam City,Thuan,h,consonant,
Falam,Falam City,Thuan,i,vowel,
Falam,Falam City,Thuan,ɛ,vowel,
Falam,Falam City,Thuan,a,vowel,
Falam,Falam City,Thuan,u,vowel,
Falam,Falam City,Thuan,ɔ,vowel,
Falam,Falam City,Thuan,ia,vowel,
Falam,Falam City,Thuan,ua,vowel,
Falam,Falam City,Champeon,p,consonant,
Falam,Falam City,Champeon,pʰ,consonant,
Falam,Falam City,Champeon,b,consonant,
Falam,Falam City,Champeon,f,consonant,
Falam,Falam City,Champeon,m,consonant,
Falam,Falam City,Champeon,w,consonant,
Falam,Falam City,Champeon,t̪,consonant,
Falam,Falam City,Champeon,t̪ʰ,consonant,
Falam,Falam City,Champeon,d,consonant,
Falam,Falam City,Champeon,t,consonant,
Falam,Falam City,Champeon,tʰ,consonant,
Falam,Falam City,Champeon,d,consonant,
Falam,Falam City,Champeon,s,consonant,
Falam,Falam City,Champeon,ts,consonant,
Falam,Falam City,Champeon,tɬ,consonant,
Falam,Falam City,Champeon,tɬʰ,consonant,
Falam,Falam City,Champeon,n,consonant,
Falam,Falam City,Champeon,ɾ,consonant,
Falam,Falam City,Champeon,l̥,consonant,
Falam,Falam City,Champeon,l,consonant,
Falam,Falam City,Champeon,j,consonant,
Falam,Falam City,Champeon,k,consonant,
Falam,Falam City,Champeon,kʰ,consonant,
Falam,Falam City,Champeon,ŋ,consonant,
Falam,Falam City,Champeon,ʔ,consonant,
Falam,Falam City,Champeon,h,consonant,
Falam,Falam City,Champeon,i,vowel,
Falam,Falam City,Champeon,ɛ,vowel,
Falam,Falam City,Champeon,a,vowel,
Falam,Falam City,Champeon,u,vowel,
Falam,Falam City,Champeon,ɔ,vowel,
Hakha Lai,,Peterson,p,consonant,
Hakha Lai,,Peterson,pʰ,consonant,
Hakha Lai,,Peterson,b,consonant,
Hakha Lai,,Peterson,f,consonant,
Hakha Lai,,Peterson,v,consonant,
Hakha Lai,,Peterson,m̥,consonant,
Hakha Lai,,Peterson,m,consonant,
Hakha Lai,,Peterson,t̪,consonant,
Hakha Lai,,Peterson,t̪ʰ,consonant,
Hakha Lai,,Peterson,d,consonant,
Hakha Lai,,Peterson,t,consonant,
Hakha Lai,,Peterson,tʰ,consonant,
Hakha Lai,,Peterson,s,consonant,
Hakha Lai,,Peterson,z,consonant,
Hakha Lai,,Peterson,ts,consonant,
Hakha Lai,,Peterson,tsʰ,consonant,
Hakha Lai,,Peterson,tɬ,consonant,
Hakha Lai,,Peterson,tl,consonant,
Hakha Lai,,Peterson,n̥,consonant,
Hakha Lai,,Peterson,n,consonant,
Hakha Lai,,Peterson,r̥,consonant,
Hakha Lai,,Peterson,r̥,consonant,
Hakha Lai,,Peterson,ɬ,consonant,
Hakha Lai,,Peterson,l,consonant,
Hakha Lai,,Peterson,k,consonant,
Hakha Lai,,Peterson,kʰ,consonant,
Hakha Lai,,Peterson,ŋ̊,consonant,
Hakha Lai,,Peterson,ŋ,consonant,
Hakha Lai,,Peterson,ʔ,consonant,
Hakha Lai,,Peterson,ɪ,vowel,
Hakha Lai,,Peterson,iː,vowel,
Hakha Lai,,Peterson,ɛ,vowel,
Hakha Lai,,Peterson,eː,vowel,
Hakha Lai,,Peterson,ə,vowel,
Hakha Lai,,Peterson,u,vowel,
Hakha Lai,,Peterson,uː,vowel,
Hakha Lai,,Peterson,o,vowel,
Hakha Lai,,Peterson,ɔː,vowel,
Hakha Lai,,Peterson,aː,vowel,
Hakha Lai,,Peterson,ui,vowel,
Hakha Lai,,Peterson,oi,vowel,
Hakha Lai,,Peterson,oːi,vowel,
Hakha Lai,,Peterson,ɛi,vowel,
Hakha Lai,,Peterson,aːi,vowel,
Hakha Lai,,Peterson,iu,vowel,
Hakha Lai,,Peterson,eu,vowel,
Hakha Lai,,Peterson,eːu,vowel,
Hakha Lai,,Peterson,ou,vowel,
Hakha Lai,,Peterson,aːu,vowel,
Hakha Lai,,Peterson,ia,vowel,
Hakha Lai,,Peterson,ia:,vowel,
Hakha Lai,,Peterson,ua,vowel,
Hakha Lai,,Peterson,uaː,vowel,
Hakha Lai,,Peterson,uai,vowel,
Hakha Lai,,Peterson,iau,vowel,
Hmar,Haflong,Lahkar,p,consonant,
Hmar,Haflong,Lahkar,pʰ,consonant,
Hmar,Haflong,Lahkar,b,consonant,
Hmar,Haflong,Lahkar,f,consonant,
Hmar,Haflong,Lahkar,v,consonant,
Hmar,Haflong,Lahkar,m,consonant,
Hmar,Haflong,Lahkar,t,consonant,
Hmar,Haflong,Lahkar,tʰ,consonant,
Hmar,Haflong,Lahkar,d,consonant,
Hmar,Haflong,Lahkar,s,consonant,
Hmar,Haflong,Lahkar,z,consonant,
Hmar,Haflong,Lahkar,n,consonant,
Hmar,Haflong,Lahkar,r,consonant,
Hmar,Haflong,Lahkar,l,consonant,
Hmar,Haflong,Lahkar,c,consonant,
Hmar,Haflong,Lahkar,ɟ,consonant,
Hmar,Haflong,Lahkar,k,consonant,
Hmar,Haflong,Lahkar,kʰ,consonant,
Hmar,Haflong,Lahkar,ŋ,consonant,
Hmar,Haflong,Lahkar,h,consonant,
Hmar,Haflong,Lahkar,i,vowel,
Hmar,Haflong,Lahkar,e,vowel,
Hmar,Haflong,Lahkar,u,vowel,
Hmar,Haflong,Lahkar,ə,vowel,
Hmar,Haflong,Lahkar,o,vowel,
Hmar,Haflong,Lahkar,a,vowel,
Hmar,Haflong,Lahkar,ei,vowel,
Hmar,Haflong,Lahkar,ai,vowel,
Hmar,Haflong,Lahkar,au,vowel,
Hmar,Haflong,Lahkar,ou,vowel,
Hmar,Haflong,Lahkar,oi,vowel,
Hmar,Haflong,Lahkar,iu,vowel,
Hmar,Haflong,Lahkar,ui,vowel,
Hyow,Laitu,Zakaria,p,consonant,
Hyow,Laitu,Zakaria,pʰ,consonant,
Hyow,Laitu,Zakaria,b,consonant,
Hyow,Laitu,Zakaria,m̥,consonant,
Hyow,Laitu,Zakaria,m,consonant,
Hyow,Laitu,Zakaria,w,consonant,
Hyow,Laitu,Zakaria,t,consonant,
Hyow,Laitu,Zakaria,tʰ,consonant,
Hyow,Laitu,Zakaria,d,consonant,
Hyow,Laitu,Zakaria,ʃ,consonant,
Hyow,Laitu,Zakaria,ts,consonant,
Hyow,Laitu,Zakaria,n̥,consonant,
Hyow,Laitu,Zakaria,n,consonant,
Hyow,Laitu,Zakaria,l̥,consonant,
Hyow,Laitu,Zakaria,l,consonant,
Hyow,Laitu,Zakaria,ɹ,consonant,
Hyow,Laitu,Zakaria,j̊,consonant,
Hyow,Laitu,Zakaria,j,consonant,
Hyow,Laitu,Zakaria,k,consonant,
Hyow,Laitu,Zakaria,kʰ,consonant,
Hyow,Laitu,Zakaria,ŋ̊,consonant,
Hyow,Laitu,Zakaria,ŋ,consonant,
Hyow,Laitu,Zakaria,ʔ,consonant,
Hyow,Laitu,Zakaria,h,consonant,
Hyow,Laitu,Zakaria,i,vowel,
Hyow,Laitu,Zakaria,ʉ,vowel,
Hyow,Laitu,Zakaria,u,vowel,
Hyow,Laitu,Zakaria,e,vowel,
Hyow,Laitu,Zakaria,ɘ,vowel,
Hyow,Laitu,Zakaria,o,vowel,
Hyow,Laitu,Zakaria,ɔ,vowel,
Hyow,Laitu,Zakaria,æ,vowel,
Hyow,Laitu,Zakaria,a,vowel,
Khumi,"Ruma Bazaar, Bangladesh",Peterson,p,consonant,
Khumi,"Ruma Bazaar, Bangladesh",Peterson,pʰ,consonant,
Khumi,"Ruma Bazaar, Bangladesh",Peterson,b,consonant,
Khumi,"Ruma Bazaar, Bangladesh",Peterson,f,consonant,
Khumi,"Ruma Bazaar, Bangladesh",Peterson,v,consonant,
Khumi,"Ruma Bazaar, Bangladesh",Peterson,m,consonant,
Khumi,"Ruma Bazaar, Bangladesh",Peterson,t,consonant,
Khumi,"Ruma Bazaar, Bangladesh",Peterson,tʰ,consonant,
Khumi,"Ruma Bazaar, Bangladesh",Peterson,tɬ,consonant,
Khumi,"Ruma Bazaar, Bangladesh",Peterson,tʰɬ,consonant,
Khumi,"Ruma Bazaar, Bangladesh",Peterson,n,consonant,
Khumi,"Ruma Bazaar, Bangladesh",Peterson,r,consonant,
Khumi,"Ruma Bazaar, Bangladesh",Peterson,l,consonant,
Khumi,"Ruma Bazaar, Bangladesh",Peterson,s,consonant,
Khumi,"Ruma Bazaar, Bangladesh",Peterson,tʃ,consonant,
Khumi,"Ruma Bazaar, Bangladesh",Peterson,dʒ,consonant,
Khumi,"Ruma Bazaar, Bangladesh",Peterson,j,consonant,
Khumi,"Ruma Bazaar, Bangladesh",Peterson,k,consonant,
Khumi,"Ruma Bazaar, Bangladesh",Peterson,kʰ,consonant,
Khumi,"Ruma Bazaar, Bangladesh",Peterson,ŋ,consonant,
Khumi,"Ruma Bazaar, Bangladesh",Peterson,ʔ,consonant,
Khumi,"Ruma Bazaar, Bangladesh",Peterson,h,consonant,
Khumi,"Ruma Bazaar, Bangladesh",Peterson,i,vowel,
Khumi,"Ruma Bazaar, Bangladesh",Peterson,e̝,vowel,
Khumi,"Ruma Bazaar, Bangladesh",Peterson,e,vowel,
Khumi,"Ruma Bazaar, Bangladesh",Peterson,æ,vowel,
Khumi,"Ruma Bazaar, Bangladesh",Peterson,ɘ,vowel,
Khumi,"Ruma Bazaar, Bangladesh",Peterson,u,vowel,
Khumi,"Ruma Bazaar, Bangladesh",Peterson,ɤ,vowel,
Khumi,"Ruma Bazaar, Bangladesh",Peterson,o,vowel,
Khumi,"Ruma Bazaar, Bangladesh",Peterson,ɔ,vowel,
Khumi,"Ruma Bazaar, Bangladesh",Peterson,a,vowel,
Khumi,"Ruma Bazaar, Bangladesh",Peterson,iu,vowel,
Khumi,"Ruma Bazaar, Bangladesh",Peterson,eu,vowel,
Khumi,"Ruma Bazaar, Bangladesh",Peterson,ui,vowel,
Khumi,"Ruma Bazaar, Bangladesh",Peterson,ai,vowel,
Khumi,"Ruma Bazaar, Bangladesh",Peterson,ɔi,vowel,
Lamkang,Manipur,Thounaojam & Chelliah,p,consonant,
Lamkang,Manipur,Thounaojam & Chelliah,pʰ,consonant,
Lamkang,Manipur,Thounaojam & Chelliah,b,consonant,
Lamkang,Manipur,Thounaojam & Chelliah,m,consonant,
Lamkang,Manipur,Thounaojam & Chelliah,w,consonant,
Lamkang,Manipur,Thounaojam & Chelliah,t,consonant,
Lamkang,Manipur,Thounaojam & Chelliah,tʰ,consonant,
Lamkang,Manipur,Thounaojam & Chelliah,d,consonant,
Lamkang,Manipur,Thounaojam & Chelliah,n,consonant,
Lamkang,Manipur,Thounaojam & Chelliah,r,consonant,
Lamkang,Manipur,Thounaojam & Chelliah,l,consonant,
Lamkang,Manipur,Thounaojam & Chelliah,j,consonant,
Lamkang,Manipur,Thounaojam & Chelliah,tɕ,consonant,
Lamkang,Manipur,Thounaojam & Chelliah,dʑ,consonant,
Lamkang,Manipur,Thounaojam & Chelliah,k,consonant,
Lamkang,Manipur,Thounaojam & Chelliah,kʰ,consonant,
Lamkang,Manipur,Thounaojam & Chelliah,ŋ,consonant,
Lamkang,Manipur,Thounaojam & Chelliah,h,consonant,
Lamkang,Manipur,Thounaojam & Chelliah,i,vowel,
Lamkang,Manipur,Thounaojam & Chelliah,e,vowel,
Lamkang,Manipur,Thounaojam & Chelliah,ə,vowel,
Lamkang,Manipur,Thounaojam & Chelliah,a,vowel,
Lamkang,Manipur,Thounaojam & Chelliah,u,vowel,
Lamkang,Manipur,Thounaojam & Chelliah,o,vowel,
Lamkang,Manipur,Thounaojam & Chelliah,əi,vowel,
Lamkang,Manipur,Thounaojam & Chelliah,əu,vowel,
Lamkang,Manipur,Thounaojam & Chelliah,ai,vowel,
Lamkang,Manipur,Thounaojam & Chelliah,au,vowel,
Lamkang,Manipur,Thounaojam & Chelliah,ui,vowel,
Lamkang,Manipur,Thounaojam & Chelliah,oi,vowel,
Zophei,Lawngtlang,Lotven,p,consonant,
Zophei,Lawngtlang,Lotven,pʰ,consonant,
Zophei,Lawngtlang,Lotven,b,consonant,
Zophei,Lawngtlang,Lotven,f,consonant,
Zophei,Lawngtlang,Lotven,v,consonant,
Zophei,Lawngtlang,Lotven,m̥,consonant,
Zophei,Lawngtlang,Lotven,m,consonant,
Zophei,Lawngtlang,Lotven,t,consonant,
Zophei,Lawngtlang,Lotven,tʰ,consonant,
Zophei,Lawngtlang,Lotven,d,consonant,
Zophei,Lawngtlang,Lotven,s,consonant,
Zophei,Lawngtlang,Lotven,z,consonant,
Zophei,Lawngtlang,Lotven,ts,consonant,
Zophei,Lawngtlang,Lotven,tsʰ,consonant,
Zophei,Lawngtlang,Lotven,tɬ,consonant,
Zophei,Lawngtlang,Lotven,tl,consonant,
Zophei,Lawngtlang,Lotven,n̥,consonant,
Zophei,Lawngtlang,Lotven,n,consonant,
Zophei,Lawngtlang,Lotven,l̥,consonant,
Zophei,Lawngtlang,Lotven,l,consonant,
Zophei,Lawngtlang,Lotven,ɹ̥,consonant,
Zophei,Lawngtlang,Lotven,ɹ,consonant,
Zophei,Lawngtlang,Lotven,k,consonant,
Zophei,Lawngtlang,Lotven,kʰ,consonant,
Zophei,Lawngtlang,Lotven,ŋ,consonant,
Zophei,Lawngtlang,Lotven,ʔ,consonant,
Zophei,Lawngtlang,Lotven,h,consonant,
Zophei,Lawngtlang,Lotven,i,vowel,
Zophei,Lawngtlang,Lotven,iː,vowel,
Zophei,Lawngtlang,Lotven,y,vowel,
Zophei,Lawngtlang,Lotven,yː,vowel,
Zophei,Lawngtlang,Lotven,e,vowel,
Zophei,Lawngtlang,Lotven,eː,vowel,
Zophei,Lawngtlang,Lotven,øː,vowel,
Zophei,Lawngtlang,Lotven,ɨː,vowel,
Zophei,Lawngtlang,Lotven,ʉː,vowel,
Zophei,Lawngtlang,Lotven,a,vowel,
Zophei,Lawngtlang,Lotven,aː,vowel,
Zophei,Lawngtlang,Lotven,u,vowel,
Zophei,Lawngtlang,Lotven,uː,vowel,
Zophei,Lawngtlang,Lotven,ui,vowel,
Zophei,Lawngtlang,Lotven,au,vowel,
Zophei,Lawngtlang,Lotven,io,vowel,
Zophei,Lawngtlang,Lotven,ie,vowel,
Lutuv,Hnaring,"Berkson et al., Bohnert et al.",p,consonant,
Lutuv,Hnaring,"Berkson et al., Bohnert et al.",pʰ,consonant,
Lutuv,Hnaring,"Berkson et al., Bohnert et al.",b,consonant,
Lutuv,Hnaring,"Berkson et al., Bohnert et al.",v,consonant,
Lutuv,Hnaring,"Berkson et al., Bohnert et al.",m̥,consonant,
Lutuv,Hnaring,"Berkson et al., Bohnert et al.",m,consonant,
Lutuv,Hnaring,"Berkson et al., Bohnert et al.",t,consonant,
Lutuv,Hnaring,"Berkson et al., Bohnert et al.",tʰ,consonant,
Lutuv,Hnaring,"Berkson et al., Bohnert et al.",d,consonant,
Lutuv,Hnaring,"Berkson et al., Bohnert et al.",s,consonant,
Lutuv,Hnaring,"Berkson et al., Bohnert et al.",z,consonant,
Lutuv,Hnaring,"Berkson et al., Bohnert et al.",ts,consonant,
Lutuv,Hnaring,"Berkson et al., Bohnert et al.",tsʰ,consonant,
Lutuv,Hnaring,"Berkson et al., Bohnert et al.",tl,consonant,
Lutuv,Hnaring,"Berkson et al., Bohnert et al.",tlʰ,consonant,
Lutuv,Hnaring,"Berkson et al., Bohnert et al.",n̥,consonant,
Lutuv,Hnaring,"Berkson et al., Bohnert et al.",n,consonant,
Lutuv,Hnaring,"Berkson et al., Bohnert et al.",r̥,consonant,
Lutuv,Hnaring,"Berkson et al., Bohnert et al.",r,consonant,
Lutuv,Hnaring,"Berkson et al., Bohnert et al.",l̥,consonant,
Lutuv,Hnaring,"Berkson et al., Bohnert et al.",l,consonant,
Lutuv,Hnaring,"Berkson et al., Bohnert et al.",k,consonant,
Lutuv,Hnaring,"Berkson et al., Bohnert et al.",kʰ,consonant,
Lutuv,Hnaring,"Berkson et al., Bohnert et al.",ŋ,consonant,
Lutuv,Hnaring,"Berkson et al., Bohnert et al.",h,consonant,
Lutuv,Hnaring,"Berkson et al., Bohnert et al.",i,vowel,
Lutuv,Hnaring,"Berkson et al., Bohnert et al.",y,vowel,
Lutuv,Hnaring,"Berkson et al., Bohnert et al.",e,vowel,
Lutuv,Hnaring,"Berkson et al., Bohnert et al.",ɨ,vowel,
Lutuv,Hnaring,"Berkson et al., Bohnert et al.",ʉ,vowel,
Lutuv,Hnaring,"Berkson et al., Bohnert et al.",ə,vowel,
Lutuv,Hnaring,"Berkson et al., Bohnert et al.",a,vowel,
Lutuv,Hnaring,"Berkson et al., Bohnert et al.",ɯ,vowel,
Lutuv,Hnaring,"Berkson et al., Bohnert et al.",u,vowel,
Lutuv,Hnaring,"Berkson et al., Bohnert et al.",ɔ,vowel,
Lutuv,Hnaring,"Berkson et al., Bohnert et al.",ie,vowel,
Lutuv,Hnaring,"Berkson et al., Bohnert et al.",uo,vowel,
Lutuv,Hnaring,"Berkson et al., Bohnert et al.",yə,vowel,
Lutuv,Hnaring,"Berkson et al., Bohnert et al.",ɯe,vowel,
Mara,Sabeu,Arden,p,consonant,
Mara,Sabeu,Arden,pʰ,consonant,
Mara,Sabeu,Arden,b,consonant,
Mara,Sabeu,Arden,m,consonant,
Mara,Sabeu,Arden,mʰ,consonant,
Mara,Sabeu,Arden,w,consonant,
Mara,Sabeu,Arden,f,consonant,
Mara,Sabeu,Arden,v,consonant,
Mara,Sabeu,Arden,tʰ,consonant,
Mara,Sabeu,Arden,t,consonant,
Mara,Sabeu,Arden,d,consonant,
Mara,Sabeu,Arden,n,consonant,
Mara,Sabeu,Arden,nʰ,consonant,
Mara,Sabeu,Arden,r,consonant,
Mara,Sabeu,Arden,r̥,consonant,
Mara,Sabeu,Arden,s,consonant,
Mara,Sabeu,Arden,z,consonant,
Mara,Sabeu,Arden,ɹ̥,consonant,
Mara,Sabeu,Arden,l,consonant,
Mara,Sabeu,Arden,l̥,consonant,
Mara,Sabeu,Arden,tɕ,consonant,
Mara,Sabeu,Arden,tɕʰ,consonant,
Mara,Sabeu,Arden,dʑ,consonant,
Mara,Sabeu,Arden,k,consonant,
Mara,Sabeu,Arden,kʰ,consonant,
Mara,Sabeu,Arden,ŋ,consonant,
Mara,Sabeu,Arden,j,consonant,
Mara,Sabeu,Arden,h,consonant,
Mara,Sabeu,Arden,i,vowel,
Mara,Sabeu,Arden,y,vowel,
Mara,Sabeu,Arden,ɨ,vowel,
Mara,Sabeu,Arden,u,vowel,
Mara,Sabeu,Arden,i̞,vowel,
Mara,Sabeu,Arden,u̞,vowel,
Mara,Sabeu,Arden,e,vowel,
Mara,Sabeu,Arden,ø,vowel,
Mara,Sabeu,Arden,o,vowel,
Mara,Sabeu,Arden,ɑ,vowel,
Mara,Sabeu,Arden,ɑ̞,vowel,
Mara,Sabeu,Arden,eɪ,vowel,
Mara,Sabeu,Arden,øɪ,vowel,
Mara,Sabeu,Arden,ɐʊ,vowel,
Mara,Sabeu,Arden,ɑi,vowel,
Matu,,Shintani,p,consonant,
Matu,,Shintani,pʰ,consonant,
Matu,,Shintani,ɓ,consonant,
Matu,,Shintani,v,consonant,
Matu,,Shintani,m,consonant,
Matu,,Shintani,t,consonant,
Matu,,Shintani,tʰ,consonant,
Matu,,Shintani,ɗ,consonant,
Matu,,Shintani,s,consonant,
Matu,,Shintani,sʰ,consonant,
Matu,,Shintani,n,consonant,
Matu,,Shintani,r̥,consonant,
Matu,,Shintani,r,consonant,
Matu,,Shintani,l̥,consonant,
Matu,,Shintani,l,consonant,
Matu,,Shintani,j,consonant,
Matu,,Shintani,k,consonant,
Matu,,Shintani,kʰ,consonant,
Matu,,Shintani,ŋ,consonant,
Matu,,Shintani,ʔ,consonant,
Matu,,Shintani,h,consonant,
Matu,,Shintani,i,vowel,
Matu,,Shintani,iː,vowel,
Matu,,Shintani,e,vowel,
Matu,,Shintani,eː,vowel,
Matu,,Shintani,ə,vowel,
Matu,,Shintani,əː,vowel,
Matu,,Shintani,a,vowel,
Matu,,Shintani,aː,vowel,
Matu,,Shintani,ɯ,vowel,
Matu,,Shintani,ɯː,vowel,
Matu,,Shintani,u,vowel,
Matu,,Shintani,uː,vowel,
Matu,,Shintani,o,vowel,
Matu,,Shintani,oː,vowel,
Matu,,Shintani,a,vowel,
Matu,,Shintani,aː,vowel,
Mindat,Khokhi,Bohnert et al.,p,consonant,
Mindat,Khokhi,Bohnert et al.,pʰ,consonant,
Mindat,Khokhi,Bohnert et al.,b,consonant,
Mindat,Khokhi,Bohnert et al.,v,consonant,
Mindat,Khokhi,Bohnert et al.,m̥,consonant,
Mindat,Khokhi,Bohnert et al.,m,consonant,
Mindat,Khokhi,Bohnert et al.,t,consonant,
Mindat,Khokhi,Bohnert et al.,tʰ,consonant,
Mindat,Khokhi,Bohnert et al.,d,consonant,
Mindat,Khokhi,Bohnert et al.,s,consonant,
Mindat,Khokhi,Bohnert et al.,z,consonant,
Mindat,Khokhi,Bohnert et al.,ts,consonant,
Mindat,Khokhi,Bohnert et al.,ɬ,consonant,
Mindat,Khokhi,Bohnert et al.,l,consonant,
Mindat,Khokhi,Bohnert et al.,n̥,consonant,
Mindat,Khokhi,Bohnert et al.,n,consonant,
Mindat,Khokhi,Bohnert et al.,ɕ,consonant,
Mindat,Khokhi,Bohnert et al.,ʑ,consonant,
Mindat,Khokhi,Bohnert et al.,ç,consonant,
Mindat,Khokhi,Bohnert et al.,ʝ,consonant,
Mindat,Khokhi,Bohnert et al.,j,consonant,
Mindat,Khokhi,Bohnert et al.,k,consonant,
Mindat,Khokhi,Bohnert et al.,kʰ,consonant,
Mindat,Khokhi,Bohnert et al.,ʁ,consonant,
Mindat,Khokhi,Bohnert et al.,kx,consonant,
Mindat,Khokhi,Bohnert et al.,ŋ̊,consonant,
Mindat,Khokhi,Bohnert et al.,ŋ,consonant,
Mindat,Khokhi,Bohnert et al.,ʔ,consonant,
Mindat,Khokhi,Bohnert et al.,h,consonant,
Mindat,Khokhi,Bohnert et al.,i,vowel,
Mindat,Khokhi,Bohnert et al.,e,vowel,
Mindat,Khokhi,Bohnert et al.,a,vowel,
Mindat,Khokhi,Bohnert et al.,ɨ,vowel,
Mindat,Khokhi,Bohnert et al.,ʉ,vowel,
Mindat,Khokhi,Bohnert et al.,ə,vowel,
Mindat,Khokhi,Bohnert et al.,u,vowel,
Mindat,Khokhi,Bohnert et al.,o,vowel,
Mindat,Khokhi,Bohnert et al.,ɑ,vowel,
Mindat,Khokhi,Bohnert et al.,ui,vowel,
Mindat,Khokhi,Bohnert et al.,œi,vowel,
Mindat,Khokhi,Bohnert et al.,ei,vowel,
Mindat,Khokhi,Bohnert et al.,oi,vowel,
Mizo,Airawl,"Weidert, Henderson",p,consonant,
Mizo,Airawl,"Weidert, Henderson",pʰ,consonant,
Mizo,Airawl,"Weidert, Henderson",b,consonant,
Mizo,Airawl,"Weidert, Henderson",f,consonant,
Mizo,Airawl,"Weidert, Henderson",v,consonant,
Mizo,Airawl,"Weidert, Henderson",m̥,consonant,
Mizo,Airawl,"Weidert, Henderson",m,consonant,
Mizo,Airawl,"Weidert, Henderson",t̪,consonant,
Mizo,Airawl,"Weidert, Henderson",t̪ʰ,consonant,
Mizo,Airawl,"Weidert, Henderson",d,consonant,
Mizo,Airawl,"Weidert, Henderson",t,consonant,
Mizo,Airawl,"Weidert, Henderson",tʰ,consonant,
Mizo,Airawl,"Weidert, Henderson",s,consonant,
Mizo,Airawl,"Weidert, Henderson",z,consonant,
Mizo,Airawl,"Weidert, Henderson",ts,consonant,
Mizo,Airawl,"Weidert, Henderson",tsʰ,consonant,
Mizo,Airawl,"Weidert, Henderson",tl,consonant,
Mizo,Airawl,"Weidert, Henderson",tlʰ,consonant,
Mizo,Airawl,"Weidert, Henderson",n̥,consonant,
Mizo,Airawl,"Weidert, Henderson",n,consonant,
Mizo,Airawl,"Weidert, Henderson",r̥,consonant,
Mizo,Airawl,"Weidert, Henderson",r,consonant,
Mizo,Airawl,"Weidert, Henderson",l̥,consonant,
Mizo,Airawl,"Weidert, Henderson",l,consonant,
Mizo,Airawl,"Weidert, Henderson",k,consonant,
Mizo,Airawl,"Weidert, Henderson",kʰ,consonant,
Mizo,Airawl,"Weidert, Henderson",ŋ̊,consonant,
Mizo,Airawl,"Weidert, Henderson",ŋ,consonant,
Mizo,Airawl,"Weidert, Henderson",ʔ,consonant,
Mizo,Airawl,"Weidert, Henderson",h,consonant,
Mizo,Airawl,"Weidert, Henderson",i,vowel,
Mizo,Airawl,"Weidert, Henderson",iː,vowel,
Mizo,Airawl,"Weidert, Henderson",e,vowel,
Mizo,Airawl,"Weidert, Henderson",eː,vowel,
Mizo,Airawl,"Weidert, Henderson",u,vowel,
Mizo,Airawl,"Weidert, Henderson",uː,vowel,
Mizo,Airawl,"Weidert, Henderson",o,vowel,
Mizo,Airawl,"Weidert, Henderson",oː,vowel,
Mizo,Airawl,"Weidert, Henderson",a,vowel,
Mizo,Airawl,"Weidert, Henderson",ia,vowel,
Mizo,Airawl,"Weidert, Henderson",ua,vowel,
Mizo,Airawl,"Weidert, Henderson",ei,vowel,
Mizo,Airawl,"Weidert, Henderson",ai,vowel,
Mizo,Airawl,"Weidert, Henderson",oi,vowel,
Mizo,Airawl,"Weidert, Henderson",ui,vowel,
Mizo,Airawl,"Weidert, Henderson",eu,vowel,
Mizo,Airawl,"Weidert, Henderson",au,vowel,
Mizo,Airawl,"Weidert, Henderson",ou,vowel,
Mizo,Airawl,"Weidert, Henderson",eːi,vowel,
Mizo,Airawl,"Weidert, Henderson",aːi,vowel,
Mizo,Airawl,"Weidert, Henderson",oːi,vowel,
Mizo,Airawl,"Weidert, Henderson",uːi,vowel,
Mizo,Airawl,"Weidert, Henderson",iːu,vowel,
Mizo,Airawl,"Weidert, Henderson",eːu,vowel,
Mizo,Airawl,"Weidert, Henderson",aːu,vowel,
Mizo,Airawl,"Weidert, Henderson",iai,vowel,
Mizo,Airawl,"Weidert, Henderson",uai,vowel,
Mizo,Airawl,"Weidert, Henderson",iau,vowel,
Mizo,Airawl,"Weidert, Henderson",uau,vowel,
Mizo,Mizoram,Chhangte,p,consonant,
Mizo,Mizoram,Chhangte,pʰ,consonant,
Mizo,Mizoram,Chhangte,b,consonant,
Mizo,Mizoram,Chhangte,f,consonant,
Mizo,Mizoram,Chhangte,v,consonant,
Mizo,Mizoram,Chhangte,m̥,consonant,
Mizo,Mizoram,Chhangte,m,consonant,
Mizo,Mizoram,Chhangte,t̪,consonant,
Mizo,Mizoram,Chhangte,t̪ʰ,consonant,
Mizo,Mizoram,Chhangte,d,consonant,
Mizo,Mizoram,Chhangte,t,consonant,
Mizo,Mizoram,Chhangte,tʰ,consonant,
Mizo,Mizoram,Chhangte,s,consonant,
Mizo,Mizoram,Chhangte,z,consonant,
Mizo,Mizoram,Chhangte,tl,consonant,
Mizo,Mizoram,Chhangte,tlʰ,consonant,
Mizo,Mizoram,Chhangte,n̥,consonant,
Mizo,Mizoram,Chhangte,n,consonant,
Mizo,Mizoram,Chhangte,r̥,consonant,
Mizo,Mizoram,Chhangte,r,consonant,
Mizo,Mizoram,Chhangte,l̥,consonant,
Mizo,Mizoram,Chhangte,l,consonant,
Mizo,Mizoram,Chhangte,k,consonant,
Mizo,Mizoram,Chhangte,kʰ,consonant,
Mizo,Mizoram,Chhangte,ŋ̊,consonant,
Mizo,Mizoram,Chhangte,ŋ,consonant,
Mizo,Mizoram,Chhangte,ʔ,consonant,
Mizo,Mizoram,Chhangte,h,consonant,
Mizo,Mizoram,Chhangte,i,vowel,
Mizo,Mizoram,Chhangte,iː,vowel,
Mizo,Mizoram,Chhangte,ɛ,vowel,
Mizo,Mizoram,Chhangte,ɛː,vowel,
Mizo,Mizoram,Chhangte,u,vowel,
Mizo,Mizoram,Chhangte,uː,vowel,
Mizo,Mizoram,Chhangte,ɔ,vowel,
Mizo,Mizoram,Chhangte,ɔː,vowel,
Mizo,Mizoram,Chhangte,ɑ,vowel,
Mizo,Mizoram,Chhangte,iɑ,vowel,
Mizo,Mizoram,Chhangte,uɑ,vowel,
Mizo,Mizoram,Chhangte,ɛi,vowel,
Mizo,Mizoram,Chhangte,ɑi,vowel,
Mizo,Mizoram,Chhangte,ɔi,vowel,
Mizo,Mizoram,Chhangte,ui,vowel,
Mizo,Mizoram,Chhangte,ɛu,vowel,
Mizo,Mizoram,Chhangte,ɑu,vowel,
Mizo,Mizoram,Chhangte,ɔu,vowel,
Mizo,Mizoram,Chhangte,ɛːi,vowel,
Mizo,Mizoram,Chhangte,ɑːi,vowel,
Mizo,Mizoram,Chhangte,ɔːi,vowel,
Mizo,Mizoram,Chhangte,uːi,vowel,
Mizo,Mizoram,Chhangte,iːu,vowel,
Mizo,Mizoram,Chhangte,ɛːu,vowel,
Mizo,Mizoram,Chhangte,ɑːu,vowel,
Mizo,Mizoram,Chhangte,iɑi,vowel,
Mizo,Mizoram,Chhangte,uɑi,vowel,
Mizo,Mizoram,Chhangte,iɑu,vowel,
Mizo,Mizoram,Chhangte,uɑu,vowel,
Mro Khimi,Wakun,Hornéy,p,consonant,
Mro Khimi,Wakun,Hornéy,pʰ,consonant,
Mro Khimi,Wakun,Hornéy,b,consonant,
Mro Khimi,Wakun,Hornéy,f,consonant,
Mro Khimi,Wakun,Hornéy,v,consonant,
Mro Khimi,Wakun,Hornéy,m,consonant,
Mro Khimi,Wakun,Hornéy,t,consonant,
Mro Khimi,Wakun,Hornéy,tʰ,consonant,
Mro Khimi,Wakun,Hornéy,d,consonant,
Mro Khimi,Wakun,Hornéy,s,consonant,
Mro Khimi,Wakun,Hornéy,sʰ,consonant,
Mro Khimi,Wakun,Hornéy,n,consonant,
Mro Khimi,Wakun,Hornéy,ɹ,consonant,
Mro Khimi,Wakun,Hornéy,l,consonant,
Mro Khimi,Wakun,Hornéy,j,consonant,
Mro Khimi,Wakun,Hornéy,k,consonant,
Mro Khimi,Wakun,Hornéy,kʰ,consonant,
Mro Khimi,Wakun,Hornéy,g,consonant,
Mro Khimi,Wakun,Hornéy,χ,consonant,
Mro Khimi,Wakun,Hornéy,ʔ,consonant,
Mro Khimi,Wakun,Hornéy,h,consonant,
Mro Khimi,Wakun,Hornéy,i,vowel,
Mro Khimi,Wakun,Hornéy,y,vowel,
Mro Khimi,Wakun,Hornéy,ĩ,vowel,
Mro Khimi,Wakun,Hornéy,ỹ,vowel,
Mro Khimi,Wakun,Hornéy,ɪ,vowel,
Mro Khimi,Wakun,Hornéy,ʏ,vowel,
Mro Khimi,Wakun,Hornéy,e,vowel,
Mro Khimi,Wakun,Hornéy,ø,vowel,
Mro Khimi,Wakun,Hornéy,ẽ,vowel,
Mro Khimi,Wakun,Hornéy,ø̃,vowel,
Mro Khimi,Wakun,Hornéy,ɛ,vowel,
Mro Khimi,Wakun,Hornéy,ɛ̃,vowel,
Mro Khimi,Wakun,Hornéy,a,vowel,
Mro Khimi,Wakun,Hornéy,ã,vowel,
Mro Khimi,Wakun,Hornéy,ɯ,vowel,
Mro Khimi,Wakun,Hornéy,u,vowel,
Mro Khimi,Wakun,Hornéy,ɯ̃,vowel,
Mro Khimi,Wakun,Hornéy,ũ,vowel,
Mro Khimi,Wakun,Hornéy,ɤ,vowel,
Mro Khimi,Wakun,Hornéy,ɤ̃,vowel,
Mro Khimi,Wakun,Hornéy,o,vowel,
Mro Khimi,Wakun,Hornéy,õ,vowel,
Mro Khimi,Wakun,Hornéy,ɑ,vowel,
Mro Khimi,Wakun,Hornéy,ɒ,vowel,
Mro Khimi,Wakun,Hornéy,ɑ̃,vowel,
Mro Khimi,Wakun,Hornéy,ɒ̃,vowel,
Mro Khimi,Xautau,Hornéy,p,consonant,
Mro Khimi,Xautau,Hornéy,pʰ,consonant,
Mro Khimi,Xautau,Hornéy,b,consonant,
Mro Khimi,Xautau,Hornéy,f,consonant,
Mro Khimi,Xautau,Hornéy,v,consonant,
Mro Khimi,Xautau,Hornéy,m,consonant,
Mro Khimi,Xautau,Hornéy,t,consonant,
Mro Khimi,Xautau,Hornéy,tʰ,consonant,
Mro Khimi,Xautau,Hornéy,d,consonant,
Mro Khimi,Xautau,Hornéy,s,consonant,
Mro Khimi,Xautau,Hornéy,sʰ,consonant,
Mro Khimi,Xautau,Hornéy,n,consonant,
Mro Khimi,Xautau,Hornéy,ɹ,consonant,
Mro Khimi,Xautau,Hornéy,l,consonant,
Mro Khimi,Xautau,Hornéy,j,consonant,
Mro Khimi,Xautau,Hornéy,k,consonant,
Mro Khimi,Xautau,Hornéy,kʰ,consonant,
Mro Khimi,Xautau,Hornéy,g,consonant,
Mro Khimi,Xautau,Hornéy,χ,consonant,
Mro Khimi,Xautau,Hornéy,ʔ,consonant,
Mro Khimi,Xautau,Hornéy,h,consonant,
Mro Khimi,Xautau,Hornéy,i,vowel,
Mro Khimi,Xautau,Hornéy,y,vowel,
Mro Khimi,Xautau,Hornéy,ĩ,vowel,
Mro Khimi,Xautau,Hornéy,ỹ,vowel,
Mro Khimi,Xautau,Hornéy,ɪ,vowel,
Mro Khimi,Xautau,Hornéy,ʏ,vowel,
Mro Khimi,Xautau,Hornéy,e,vowel,
Mro Khimi,Xautau,Hornéy,ø,vowel,
Mro Khimi,Xautau,Hornéy,ẽ,vowel,
Mro Khimi,Xautau,Hornéy,ø̃,vowel,
Mro Khimi,Xautau,Hornéy,ɛ,vowel,
Mro Khimi,Xautau,Hornéy,ɛ̃,vowel,
Mro Khimi,Xautau,Hornéy,a,vowel,
Mro Khimi,Xautau,Hornéy,ã,vowel,
Mro Khimi,Xautau,Hornéy,ɯ,vowel,
Mro Khimi,Xautau,Hornéy,u,vowel,
Mro Khimi,Xautau,Hornéy,ɯ̃,vowel,
Mro Khimi,Xautau,Hornéy,ũ,vowel,
Mro Khimi,Xautau,Hornéy,ɤ,vowel,
Mro Khimi,Xautau,Hornéy,ɤ̃,vowel,
Mro Khimi,Xautau,Hornéy,o,vowel,
Mro Khimi,Xautau,Hornéy,õ,vowel,
Mro Khimi,Xautau,Hornéy,ɑ,vowel,
Mro Khimi,Xautau,Hornéy,ɒ,vowel,
Mro Khimi,Xautau,Hornéy,ɑ̃,vowel,
Mro Khimi,Xautau,Hornéy,ɒ̃,vowel,
Mro Khimi,Xautau,Hornéy,ai,vowel,
Mro Khimi,Xautau,Hornéy,au,vowel,
Zophei,Nuitah,Lotven,p,consonant,
Zophei,Nuitah,Lotven,pʰ,consonant,
Zophei,Nuitah,Lotven,b,consonant,
Zophei,Nuitah,Lotven,f,consonant,
Zophei,Nuitah,Lotven,v,consonant,
Zophei,Nuitah,Lotven,m̥,consonant,
Zophei,Nuitah,Lotven,m,consonant,
Zophei,Nuitah,Lotven,t,consonant,
Zophei,Nuitah,Lotven,tʰ,consonant,
Zophei,Nuitah,Lotven,d,consonant,
Zophei,Nuitah,Lotven,s,consonant,
Zophei,Nuitah,Lotven,z,consonant,
Zophei,Nuitah,Lotven,ts,consonant,
Zophei,Nuitah,Lotven,tsʰ,consonant,
Zophei,Nuitah,Lotven,tɬ,consonant,
Zophei,Nuitah,Lotven,tl,consonant,
Zophei,Nuitah,Lotven,n̥,consonant,
Zophei,Nuitah,Lotven,n,consonant,
Zophei,Nuitah,Lotven,l̥,consonant,
Zophei,Nuitah,Lotven,l,consonant,
Zophei,Nuitah,Lotven,ɹ̥,consonant,
Zophei,Nuitah,Lotven,ɹ,consonant,
Zophei,Nuitah,Lotven,k,consonant,
Zophei,Nuitah,Lotven,kʰ,consonant,
Zophei,Nuitah,Lotven,ŋ,consonant,
Zophei,Nuitah,Lotven,ʔ,consonant,
Zophei,Nuitah,Lotven,h,consonant,
Zophei,Nuitah,Lotven,i,vowel,
Zophei,Nuitah,Lotven,iː,vowel,
Zophei,Nuitah,Lotven,e,vowel,
Zophei,Nuitah,Lotven,eː,vowel,
Zophei,Nuitah,Lotven,ɨː,vowel,
Zophei,Nuitah,Lotven,ʉː,vowel,
Zophei,Nuitah,Lotven,a,vowel,
Zophei,Nuitah,Lotven,a:,vowel,
Zophei,Nuitah,Lotven,u,vowel,
Zophei,Nuitah,Lotven,uː,vowel,
Zophei,Nuitah,Lotven,o:,vowel,
Zophei,Nuitah,Lotven,ui,vowel,
Zophei,Nuitah,Lotven,ai,vowel,
Zophei,Nuitah,Lotven,oi,vowel,
Zophei,Nuitah,Lotven,ia,vowel,
Zophei,Nuitah,Lotven,ua,vowel,
Paite,"Lamjang, Tuithapi village",Singh,p,consonant,
Paite,"Lamjang, Tuithapi village",Singh,pʰ,consonant,
Paite,"Lamjang, Tuithapi village",Singh,b,consonant,
Paite,"Lamjang, Tuithapi village",Singh,v,consonant,
Paite,"Lamjang, Tuithapi village",Singh,m,consonant,
Paite,"Lamjang, Tuithapi village",Singh,t,consonant,
Paite,"Lamjang, Tuithapi village",Singh,tʰ,consonant,
Paite,"Lamjang, Tuithapi village",Singh,d,consonant,
Paite,"Lamjang, Tuithapi village",Singh,s,consonant,
Paite,"Lamjang, Tuithapi village",Singh,n,consonant,
Paite,"Lamjang, Tuithapi village",Singh,l,consonant,
Paite,"Lamjang, Tuithapi village",Singh,c,consonant,
Paite,"Lamjang, Tuithapi village",Singh,ɟ,consonant,
Paite,"Lamjang, Tuithapi village",Singh,k,consonant,
Paite,"Lamjang, Tuithapi village",Singh,g,consonant,
Paite,"Lamjang, Tuithapi village",Singh,x,consonant,
Paite,"Lamjang, Tuithapi village",Singh,ŋ,consonant,
Paite,"Lamjang, Tuithapi village",Singh,ʔ,consonant,
Paite,"Lamjang, Tuithapi village",Singh,h,consonant,
Paite,"Lamjang, Tuithapi village",Singh,i,vowel,
Paite,"Lamjang, Tuithapi village",Singh,iː,vowel,
Paite,"Lamjang, Tuithapi village",Singh,e,vowel,
Paite,"Lamjang, Tuithapi village",Singh,eː,vowel,
Paite,"Lamjang, Tuithapi village",Singh,u,vowel,
Paite,"Lamjang, Tuithapi village",Singh,uː,vowel,
Paite,"Lamjang, Tuithapi village",Singh,ə,vowel,
Paite,"Lamjang, Tuithapi village",Singh,əː,vowel,
Paite,"Lamjang, Tuithapi village",Singh,o,vowel,
Paite,"Lamjang, Tuithapi village",Singh,oː,vowel,
Paite,"Lamjang, Tuithapi village",Singh,a,vowel,
Paite,"Lamjang, Tuithapi village",Singh,aː,vowel,
Paite,"Lamjang, Tuithapi village",Singh,əi,vowel,
Paite,"Lamjang, Tuithapi village",Singh,ai,vowel,
Paite,"Lamjang, Tuithapi village",Singh,ei,vowel,
Paite,"Lamjang, Tuithapi village",Singh,ui,vowel,
Paite,"Lamjang, Tuithapi village",Singh,ia,vowel,
Paite,"Lamjang, Tuithapi village",Singh,ua,vowel,
Paite,"Lamjang, Tuithapi village",Singh,əu,vowel,
Paite,"Lamjang, Tuithapi village",Singh,au,vowel,
Paite,"Lamjang, Tuithapi village",Singh,iu,vowel,
Paite,"Lamjang, Tuithapi village",Singh,eu,vowel,
Pangkhua,Pangkhua Para,Akter,p,consonant,
Pangkhua,Pangkhua Para,Akter,pʰ,consonant,
Pangkhua,Pangkhua Para,Akter,b,consonant,
Pangkhua,Pangkhua Para,Akter,t̪,consonant,
Pangkhua,Pangkhua Para,Akter,t̪ʰ,consonant,
Pangkhua,Pangkhua Para,Akter,d̪,consonant,
Pangkhua,Pangkhua Para,Akter,f,consonant,
Pangkhua,Pangkhua Para,Akter,v,consonant,
Pangkhua,Pangkhua Para,Akter,m,consonant,
Pangkhua,Pangkhua Para,Akter,w,consonant,
Pangkhua,Pangkhua Para,Akter,s,consonant,
Pangkhua,Pangkhua Para,Akter,z,consonant,
Pangkhua,Pangkhua Para,Akter,ts,consonant,
Pangkhua,Pangkhua Para,Akter,n,consonant,
Pangkhua,Pangkhua Para,Akter,r,consonant,
Pangkhua,Pangkhua Para,Akter,l,consonant,
Pangkhua,Pangkhua Para,Akter,j,consonant,
Pangkhua,Pangkhua Para,Akter,k,consonant,
Pangkhua,Pangkhua Para,Akter,kʰ,consonant,
Pangkhua,Pangkhua Para,Akter,ŋ,consonant,
Pangkhua,Pangkhua Para,Akter,ʔ,consonant,
Pangkhua,Pangkhua Para,Akter,h,consonant,
Pangkhua,Pangkhua Para,Akter,i,vowel,
Pangkhua,Pangkhua Para,Akter,e,vowel,
Pangkhua,Pangkhua Para,Akter,ɑ,vowel,
Pangkhua,Pangkhua Para,Akter,ə,vowel,
Pangkhua,Pangkhua Para,Akter,u,vowel,
Pangkhua,Pangkhua Para,Akter,ɞ,vowel,
Pangkhua,Pangkhua Para,Akter,ɒ,vowel,
Pangkhua,Pangkhua Para,Akter,ɑi,vowel,
Pangkhua,Pangkhua Para,Akter,ou,vowel,
Pangkhua,Pangkhua Para,Akter,uai,vowel,
Pangkhua,Pangkhua Para,Akter,ua,vowel,
Pangkhua,Pangkhua Para,Akter,əu,vowel,
Pangkhua,Pangkhua Para,Akter,ia,vowel,
Pangkhua,Pangkhua Para,Akter,iau,vowel,
Pangkhua,Pangkhua Para,Akter,əi,vowel,
Pangkhua,Pangkhua Para,Akter,ɒi,vowel,
Pangkhua,Pangkhua Para,Akter,əu,vowel,
Pangkhua,Pangkhua Para,Akter,ei,vowel,
Senthang,?,Watson,p,consonant,
Senthang,?,Watson,pʰ,consonant,
Senthang,?,Watson,b,consonant,
Senthang,?,Watson,f,consonant,
Senthang,?,Watson,v,consonant,
Senthang,?,Watson,m̥,consonant,
Senthang,?,Watson,m,consonant,
Senthang,?,Watson,t̪,consonant,
Senthang,?,Watson,t̪ʰ,consonant,
Senthang,?,Watson,d̪,consonant,
Senthang,?,Watson,n̪̊,consonant,
Senthang,?,Watson,n̪,consonant,
Senthang,?,Watson,s,consonant,
Senthang,?,Watson,z,consonant,
Senthang,?,Watson,ts,consonant,
Senthang,?,Watson,l̥,consonant,
Senthang,?,Watson,l,consonant,
Senthang,?,Watson,k,consonant,
Senthang,?,Watson,kʰ,consonant,
Senthang,?,Watson,x,consonant,
Senthang,?,Watson,ɣ,consonant,
Senthang,?,Watson,ŋ,consonant,
Senthang,?,Watson,ʔ,consonant,
Senthang,?,Watson,h,consonant,
Senthang,?,Watson,i,vowel,
Senthang,?,Watson,e,vowel,
Senthang,?,Watson,ɛ,vowel,
Senthang,?,Watson,ə,vowel,
Senthang,?,Watson,a,vowel,
Senthang,?,Watson,u,vowel,
Senthang,?,Watson,ɤ,vowel,
Senthang,?,Watson,o,vowel,
Senthang,?,Watson,ɔ,vowel,
Sizang,?,Sarangthem,p,consonant,
Sizang,?,Sarangthem,pʰ,consonant,
Sizang,?,Sarangthem,b,consonant,
Sizang,?,Sarangthem,v,consonant,
Sizang,?,Sarangthem,m,consonant,
Sizang,?,Sarangthem,t,consonant,
Sizang,?,Sarangthem,tʰ,consonant,
Sizang,?,Sarangthem,d,consonant,
Sizang,?,Sarangthem,s,consonant,
Sizang,?,Sarangthem,z,consonant,
Sizang,?,Sarangthem,n,consonant,
Sizang,?,Sarangthem,l,consonant,
Sizang,?,Sarangthem,k,consonant,
Sizang,?,Sarangthem,kʰ,consonant,
Sizang,?,Sarangthem,ŋ,consonant,
Sizang,?,Sarangthem,h,consonant,
Sizang,Buan Man,Stern,p,consonant,
Sizang,Buan Man,Stern,pʰ,consonant,
Sizang,Buan Man,Stern,b,consonant,
Sizang,Buan Man,Stern,v,consonant,
Sizang,Buan Man,Stern,m,consonant,
Sizang,Buan Man,Stern,t,consonant,
Sizang,Buan Man,Stern,tʰ,consonant,
Sizang,Buan Man,Stern,d,consonant,
Sizang,Buan Man,Stern,s,consonant,
Sizang,Buan Man,Stern,z,consonant,
Sizang,Buan Man,Stern,n,consonant,
Sizang,Buan Man,Stern,l,consonant,
Sizang,Buan Man,Stern,k,consonant,
Sizang,Buan Man,Stern,kʰ,consonant,
Sizang,Buan Man,Stern,ŋ,consonant,
Sizang,Buan Man,Stern,h,consonant,
Sizang,?,Sarangthem,i,vowel,
Sizang,?,Sarangthem,e,vowel,
Sizang,?,Sarangthem,ə,vowel,
Sizang,?,Sarangthem,a,vowel,
Sizang,?,Sarangthem,u,vowel,
Sizang,?,Sarangthem,o,vowel,
Sizang,?,Sarangthem,əi,vowel,
Sizang,?,Sarangthem,ei,vowel,
Sizang,?,Sarangthem,ai,vowel,
Sizang,?,Sarangthem,oi,vowel,
Sizang,?,Sarangthem,ui,vowel,
Sizang,?,Sarangthem,əu,vowel,
Sizang,?,Sarangthem,au,vowel,
Sizang,?,Sarangthem,ia,vowel,
Sizang,?,Sarangthem,ua,vowel,
Sizang,Buan Man,Stern,i,vowel,
Sizang,Buan Man,Stern,e,vowel,
Sizang,Buan Man,Stern,a,vowel,
Sizang,Buan Man,Stern,u,vowel,
Sizang,Buan Man,Stern,o,vowel,
Sizang,Buan Man,Stern,ei,vowel,
Sizang,Buan Man,Stern,ai,vowel,
Sizang,Buan Man,Stern,oi,vowel,
Sizang,Buan Man,Stern,ui,vowel,
Sizang,Buan Man,Stern,au,vowel,
Sizang,Buan Man,Stern,ia,vowel,
Sizang,Buan Man,Stern,ua,vowel,
Sizang,Buan Man,Stern,ie,vowel,
Sizang,Buan Man,Stern,eu,vowel,
Sizang,Buan Man,Stern,ɔi,vowel,
Sizang,Buan Man,Stern,uei,vowel,
Sizang,Buan Man,Stern,oai,vowel,
Sizang,Buan Man,Stern,ɔai,vowel,
Tedim,?,Otsuka,p,consonant,
Tedim,?,Otsuka,pʰ,consonant,
Tedim,?,Otsuka,b,consonant,
Tedim,?,Otsuka,f,consonant,Ideophones only
Tedim,?,Otsuka,v,consonant,
Tedim,?,Otsuka,m,consonant,
Tedim,?,Otsuka,t,consonant,
Tedim,?,Otsuka,tʰ,consonant,
Tedim,?,Otsuka,d,consonant,
Tedim,?,Otsuka,s,consonant,
Tedim,?,Otsuka,z,consonant,
Tedim,?,Otsuka,tɕ,consonant,
Tedim,?,Otsuka,tɕʰ,consonant,Ideophones only
Tedim,?,Otsuka,n,consonant,
Tedim,?,Otsuka,l,consonant,
Tedim,?,Otsuka,lˀ,consonant,
Tedim,?,Otsuka,k,consonant,
Tedim,?,Otsuka,g,consonant,
Tedim,?,Otsuka,x,consonant,
Tedim,?,Otsuka,ŋ,consonant,
Tedim,?,Otsuka,ʔ,consonant,
Tedim,?,Otsuka,h,consonant,
Tedim,?,Otsuka,i,vowel,
Tedim,?,Otsuka,iː,vowel,
Tedim,?,Otsuka,e,vowel,
Tedim,?,Otsuka,ɛː,vowel,
Tedim,?,Otsuka,a,vowel,
Tedim,?,Otsuka,aː,vowel,
Tedim,?,Otsuka,u,vowel,
Tedim,?,Otsuka,uː,vowel,
Tedim,?,Otsuka,o,vowel,
Tedim,?,Otsuka,ɔː,vowel,
Tedim,?,Otsuka,iu,vowel,
Tedim,?,Otsuka,ia,vowel,
Tedim,?,Otsuka,ei,vowel,
Tedim,?,Otsuka,ɛːi,vowel,
Tedim,?,Otsuka,eu,vowel,
Tedim,?,Otsuka,ɛ:u,vowel,
Tedim,?,Otsuka,ɑi,vowel,
Tedim,?,Otsuka,ɑu,vowel,
Tedim,?,Otsuka,ɑːu,vowel,
Tedim,?,Otsuka,ou,vowel,
Tedim,?,Otsuka,oi,vowel,
Tedim,?,Otsuka,ɔːi,vowel,
Tedim,?,Otsuka,ui,vowel,
Tedim,?,Otsuka,uːi,vowel,
Tedim,?,Otsuka,ua,vowel,
Tedim,?,Otsuka,iɑi,vowel,
Tedim,?,Otsuka,iɑu,vowel,
Tedim,?,Otsuka,uɑi,vowel,
Tedim,?,Otsuka,uɑu,vowel,
Tedim,?,Otsuka,iei,vowel,
Tedim,?,Otsuka,uou,vowel,
Thado,?,Haokip,p,consonant,
Thado,?,Haokip,pʰ,consonant,
Thado,?,Haokip,b,consonant,
Thado,?,Haokip,v,consonant,
Thado,?,Haokip,m,consonant,
Thado,?,Haokip,t,consonant,
Thado,?,Haokip,tʰ,consonant,
Thado,?,Haokip,d,consonant,
Thado,?,Haokip,s,consonant,
Thado,?,Haokip,z,consonant,
Thado,?,Haokip,tʃ,consonant,
Thado,?,Haokip,n,consonant,
Thado,?,Haokip,r,consonant,
Thado,?,Haokip,l̥,consonant,
Thado,?,Haokip,l,consonant,
Thado,?,Haokip,k,consonant,
Thado,?,Haokip,g,consonant,
Thado,?,Haokip,x,consonant,
Thado,?,Haokip,ŋ,consonant,
Thado,?,Haokip,ʔ,consonant,
Thado,?,Haokip,h,consonant,
Thado,?,Haokip,i,vowel,
Thado,?,Haokip,ɛ,vowel,
Thado,?,Haokip,ə,vowel,
Thado,?,Haokip,a,vowel,
Thado,?,Haokip,u,vowel,
Thado,?,Haokip,o,vowel,
Thado,?,Haokip,ɔ,vowel,
Thado,?,Haokip,ai,vowel,
Thado,?,Haokip,ui,vowel,
Thado,?,Haokip,ei,vowel,
Thado,?,Haokip,ie,vowel,
Thado,?,Haokip,əu,vowel,
Thado,?,Haokip,au,vowel,
Thado,?,Haokip,eu,vowel,
Thado,?,Haokip,iu,vowel,
Thado,?,Haokip,ɔi,vowel,
Thado,?,Haokip,oi,vowel,
Thado,?,Haokip,ou,vowel,
Thado,?,Haokip,ɔu,vowel,
Zophei,Tlawngrang,Lotven,p,consonant,
Zophei,Tlawngrang,Lotven,pʰ,consonant,
Zophei,Tlawngrang,Lotven,b,consonant,
Zophei,Tlawngrang,Lotven,f,consonant,
Zophei,Tlawngrang,Lotven,v,consonant,
Zophei,Tlawngrang,Lotven,m̥,consonant,
Zophei,Tlawngrang,Lotven,m,consonant,
Zophei,Tlawngrang,Lotven,t,consonant,
Zophei,Tlawngrang,Lotven,tʰ,consonant,
Zophei,Tlawngrang,Lotven,d,consonant,
Zophei,Tlawngrang,Lotven,s,consonant,
Zophei,Tlawngrang,Lotven,z,consonant,
Zophei,Tlawngrang,Lotven,ts,consonant,
Zophei,Tlawngrang,Lotven,tsʰ,consonant,
Zophei,Tlawngrang,Lotven,tɬ,consonant,
Zophei,Tlawngrang,Lotven,tl,consonant,
Zophei,Tlawngrang,Lotven,n̥,consonant,
Zophei,Tlawngrang,Lotven,n,consonant,
Zophei,Tlawngrang,Lotven,l̥,consonant,
Zophei,Tlawngrang,Lotven,l,consonant,
Zophei,Tlawngrang,Lotven,ɹ̥,consonant,
Zophei,Tlawngrang,Lotven,ɹ,consonant,
Zophei,Tlawngrang,Lotven,k,consonant,
Zophei,Tlawngrang,Lotven,kʰ,consonant,
Zophei,Tlawngrang,Lotven,ŋ,consonant,
Zophei,Tlawngrang,Lotven,ʔ,consonant,
Zophei,Tlawngrang,Lotven,h,consonant,
Zophei,Tlawngrang,Lotven,i,vowel,
Zophei,Tlawngrang,Lotven,iː,vowel,
Zophei,Tlawngrang,Lotven,e,vowel,
Zophei,Tlawngrang,Lotven,eː,vowel,
Zophei,Tlawngrang,Lotven,øː,vowel,
Zophei,Tlawngrang,Lotven,a,vowel,
Zophei,Tlawngrang,Lotven,aː,vowel,
Zophei,Tlawngrang,Lotven,u,vowel,
Zophei,Tlawngrang,Lotven,uː,vowel,
Zophei,Tlawngrang,Lotven,o,vowel,
Zophei,Tlawngrang,Lotven,oː,vowel,
Zophei,Tlawngrang,Lotven,ui,vowel,
Zophei,Tlawngrang,Lotven,ei,vowel,
Zophei,Tlawngrang,Lotven,ai,vowel,
Zophei,Tlawngrang,Lotven,au,vowel,
Zophei,Tlawngrang,Lotven,ue,vowel,
Zophei,Tlawngrang,Lotven,ia,vowel,
Zophei,Tlawngrang,Lotven,ua,vowel,
Zahau,?,Osburne,p,consonant,
Zahau,?,Osburne,pʰ,consonant,
Zahau,?,Osburne,b,consonant,
Zahau,?,Osburne,f,consonant,
Zahau,?,Osburne,v,consonant,
Zahau,?,Osburne,m̥,consonant,
Zahau,?,Osburne,m,consonant,
Zahau,?,Osburne,w,consonant,
Zahau,?,Osburne,t,consonant,
Zahau,?,Osburne,tʰ,consonant,
Zahau,?,Osburne,d,consonant,
Zahau,?,Osburne,s,consonant,
Zahau,?,Osburne,z,consonant,
Zahau,?,Osburne,tʃ,consonant,
Zahau,?,Osburne,tl,consonant,
Zahau,?,Osburne,tlʰ,consonant,
Zahau,?,Osburne,l̥,consonant,
Zahau,?,Osburne,l,consonant,
Zahau,?,Osburne,n̥,consonant,
Zahau,?,Osburne,n,consonant,
Zahau,?,Osburne,r̥,consonant,
Zahau,?,Osburne,r,consonant,
Zahau,?,Osburne,j,consonant,
Zahau,?,Osburne,k,consonant,
Zahau,?,Osburne,kʰ,consonant,
Zahau,?,Osburne,ŋ̊,consonant,
Zahau,?,Osburne,ŋ,consonant,
Zahau,?,Osburne,ʔ,consonant,
Zahau,?,Osburne,i,vowel,
Zahau,?,Osburne,e,vowel,
Zahau,?,Osburne,u,vowel,
Zahau,?,Osburne,o,vowel,
Zahau,?,Osburne,a,vowel,
Zo,Tonzang,Button,p,consonant,
Zo,Tonzang,Button,pʰ,consonant,
Zo,Tonzang,Button,b,consonant,
Zo,Tonzang,Button,v,consonant,
Zo,Tonzang,Button,m,consonant,
Zo,Tonzang,Button,w,consonant,
Zo,Tonzang,Button,t,consonant,
Zo,Tonzang,Button,tʰ,consonant,
Zo,Tonzang,Button,d,consonant,
Zo,Tonzang,Button,s,consonant,
Zo,Tonzang,Button,z,consonant,
Zo,Tonzang,Button,n,consonant,
Zo,Tonzang,Button,l̥,consonant,
Zo,Tonzang,Button,l,consonant,
Zo,Tonzang,Button,j,consonant,
Zo,Tonzang,Button,k,consonant,
Zo,Tonzang,Button,g,consonant,
Zo,Tonzang,Button,x,consonant,
Zo,Tonzang,Button,ŋ,consonant,
Zo,Tonzang,Button,ʔ,consonant,
Zo,Tonzang,Button,h,consonant,
Zo,Tonzang,Button,i,vowel,
Zo,Tonzang,Button,e,vowel,
Zo,Tonzang,Button,a,vowel,
Zo,Tonzang,Button,u,vowel,
Zo,Tonzang,Button,o,vowel,
Zo,Tonzang,Button,ei,vowel,
Zo,Tonzang,Button,ai,vowel,
Zo,Tonzang,Button,ui,vowel,
Zo,Tonzang,Button,oi,vowel,
Zo,Tonzang,Button,eu,vowel,
Zo,Tonzang,Button,au,vowel,
Zo,Tonzang,Button,ou,vowel,
Zotung,?,Shintani,p,consonant,
Zotung,?,Shintani,pʰ,consonant,
Zotung,?,Shintani,ɓ,consonant,
Zotung,?,Shintani,f,consonant,
Zotung,?,Shintani,θ,consonant,
Zotung,?,Shintani,v,consonant,
Zotung,?,Shintani,m,consonant,
Zotung,?,Shintani,w,consonant,
Zotung,?,Shintani,t,consonant,
Zotung,?,Shintani,tʰ,consonant,
Zotung,?,Shintani,ɗ,consonant,
Zotung,?,Shintani,s,consonant,
Zotung,?,Shintani,n,consonant,
Zotung,?,Shintani,r,consonant,
Zotung,?,Shintani,l,consonant,
Zotung,?,Shintani,c,consonant,
Zotung,?,Shintani,cʰ,consonant,
Zotung,?,Shintani,ɕ,consonant,
Zotung,?,Shintani,ɲ,consonant,
Zotung,?,Shintani,j,consonant,
Zotung,?,Shintani,k,consonant,
Zotung,?,Shintani,kʰ,consonant,
Zotung,?,Shintani,ŋ,consonant,
Zotung,?,Shintani,ʔ,consonant,
Zotung,?,Shintani,h,consonant,
Zotung,?,Shintani,i,vowel,
Zotung,?,Shintani,e,vowel,
Zotung,?,Shintani,æ,vowel,
Zotung,?,Shintani,ə,vowel,
Zotung,?,Shintani,a,vowel,
Zotung,?,Shintani,ɯ,vowel,
Zotung,?,Shintani,u,vowel,
Zotung,?,Shintani,o,vowel,