"unique_segments","Type","Place_of_Articulation","Manner","Voicing","Aspiration","Vowel_Type","Height","Backness","Rounding","Length","Nasalization"
"pʰ","consonant","bilabial","plosive","voiceless","aspirated","","","","","",""
"p","consonant","bilabial","plosive","voiceless","unaspirated","","","","","",""
"b","consonant","bilabial","plosive","voiced","unaspirated","","","","","",""
"m̥","consonant","bilabial","nasal","voiceless","unaspirated","","","","","",""
"m","consonant","bilabial","nasal","voiced","unaspirated","","","","","",""
"w","consonant","bilabial","approximant","voiced","unaspirated","","","","","",""
"t","consonant","alveolar","plosive","voiceless","unaspirated","","","","","",""
"tʰ","consonant","alveolar","plosive","voiceless","aspirated","","","","","",""
"ɗ","consonant","alveolar","implosive","voiced","unaspirated","","","","","",""
"s","consonant","alveolar","fricative","voiceless","unaspirated","","","","","",""
"sʰ","consonant","alveolar","fricative","voiceless","aspirated","","","","","",""
"z","consonant","alveolar","fricative","voiced","unaspirated","","","","","",""
"n̥","consonant","alveolar","nasal","voiceless","unaspirated","","","","","",""
"n","consonant","alveolar","nasal","voiced","unaspirated","","","","","",""
"ɹ","consonant","alveolar","approximant","voiced","unaspirated","","","","","",""
"l̥","consonant","alveolar","lateral approximant","voiceless","unaspirated","","","","","",""
"l","consonant","alveolar","lateral approximant","voiced","unaspirated","","","","","",""
"ɕ","consonant","alveolo-palatal","fricative","voiceless","unaspirated","","","","","",""
"tɕʰ","consonant","alveolo-palatal","affricate","voiceless","aspirated","","","","","",""
"tɕ","consonant","alveolo-palatal","affricate","voiceless","unaspirated","","","","","",""
"dʑ","consonant","alveolo-palatal","affricate","voiced","unaspirated","","","","","",""
"ɲ","consonant","palatal","nasal","voiced","unaspirated","","","","","",""
"ɲ̥","consonant","palatal","nasal","voiceless","unaspirated","","","","","",""
"j","consonant","palatal","approximant","voiced","unaspirated","","","","","",""
"ŋ","consonant","velar","nasal","voiced","unaspirated","","","","","",""
"ŋ̊","consonant","velar","nasal","voiceless","unaspirated","","","","","",""
"k","consonant","velar","plosive","voiceless","unaspirated","","","","","",""
"kʰ","consonant","velar","plosive","voiceless","aspirated","","","","","",""
"g","consonant","velar","plosive","voiced","unaspirated","","","","","",""
"ʔ","consonant","glottal","plosive","voiceless","unaspirated","","","","","",""
"h","consonant","glottal","fricative","voiceless","unaspirated","","","","","",""
"ɦ","consonant","glottal","fricative","voiced","unaspirated","","","","","",""
"i","vowel","","","","","monophthong","high","front","unrounded","short","oral"
"ɪ","vowel","","","","","monophthong","near-high","near-front","unrounded","short","oral"
"ʏ","vowel","","","","","monophthong","near-high","near-front","rounded","short","oral"
"e","vowel","","","","","monophthong","high-mid","front","unrounded","short","oral"
"ɛ","vowel","","","","","monophthong","low-mid","front","unrounded","short","oral"
"ʉ","vowel","","","","","monophthong","high","central","rounded","short","oral"
"a","vowel","","","","","monophthong","low","central","unrounded","short","oral"
"u","vowel","","","","","monophthong","high","back","rounded","short","oral"
"ɤ","vowel","","","","","monophthong","high-mid","back","unrounded","short","oral"
"o","vowel","","","","","monophthong","high-mid","back","rounded","short","oral"
"ɔ","vowel","","","","","monophthong","low-mid","back","rounded","short","oral"
"ei","vowel","","","","","diphthong","","","","short",""
"ai","vowel","","","","","diphthong","","","","short",""
"au","vowel","","","","","diphthong","","","","short",""
"d","consonant","alveolar","plosive","voiced","unaspirated","","","","","",""
"ɲ̊","consonant","palatal","nasal","voiceless","unaspirated","","","","","",""
"ʊ","vowel","","","","","monophthong","near-high","near-back","rounded","short","oral"
"ɑɪ","vowel","","","","","diphthong","","","","short",""
"ɑʊ","vowel","","","","","diphthong","","","","short",""
"ɬ","consonant","alveolar","lateral fricative","voiceless","unaspirated","","","","","",""
"n̊","consonant","alveolar","nasal","voiceless","unaspirated","","","","","",""
"x","consonant","velar","fricative","voiceless","unaspirated","","","","","",""
"ɣ","consonant","velar","fricative","voiced","unaspirated","","","","","",""
"iː","vowel","","","","","monophthong","high","front","unrounded","long","oral"
"ɛː","vowel","","","","","monophthong","low-mid","front","unrounded","long","oral"
"ə","vowel","","","","","monophthong","mid","central","unrounded","short","oral"
"əː","vowel","","","","","monophthong","mid","central","unrounded","long","oral"
"a:","vowel","","","","","monophthong","low","central","unrounded","long","oral"
"ɯ","vowel","","","","","monophthong","high","back","unrounded","short","oral"
"ɯː","vowel","","","","","monophthong","high","back","unrounded","long","oral"
"u:","vowel","","","","","monophthong","high","back","rounded","long","oral"
"ɔː","vowel","","","","","monophthong","low-mid","back","rounded","long","oral"
"ɛi","vowel","","","","","diphthong","","","","short",""
"ɛːi","vowel","","","","","diphthong","","","","long",""
"aːi","vowel","","","","","diphthong","","","","long",""
"əi","vowel","","","","","diphthong","","","","short",""
"əːi","vowel","","","","","diphthong","","","","long",""
"ɔi","vowel","","","","","diphthong","","","","short",""
"ɔːi","vowel","","","","","diphthong","","","","long",""
"ɯi","vowel","","","","","diphthong","","","","short",""
"ɯːi","vowel","","","","","diphthong","","","","long",""
"ui","vowel","","","","","diphthong","","","","short",""
"uːi","vowel","","","","","diphthong","","","","long",""
"əɯ","vowel","","","","","diphthong","","","","short",""
"aɯ","vowel","","","","","diphthong","","","","short",""
"aːɯ","vowel","","","","","diphthong","","","","long",""
"ɔu","vowel","","","","","diphthong","","","","short",""
"f","consonant","labiodental","fricative","voiceless","unaspirated","","","","","",""
"t̪","consonant","dental","plosive","voiceless","unaspirated","","","","","",""
"t̪ʰ","consonant","dental","plosive","voiceless","aspirated","","","","","",""
"d̪","consonant","dental","plosive","voiced","unaspirated","","","","","",""
"ts","consonant","alveolar","affricate","voiceless","unaspirated","","","","","",""
"tɬ","consonant","alveolar","lateral affricate","voiceless","unaspirated","","","","","",""
"tɬʰ","consonant","alveolar","lateral affricate","voiceless","aspirated","","","","","",""
"ɾ̥","consonant","alveolar","tap/flap","voiceless","unaspirated","","","","","",""
"ɾ","consonant","alveolar","tap/flap","voiced","unaspirated","","","","","",""
"ia","vowel","","","","","diphthong","","","","short",""
"ua","vowel","","","","","diphthong","","","","short",""
"v","consonant","labiodental","fricative","voiced","unaspirated","","","","","",""
"tsʰ","consonant","alveolar","affricate","voiceless","aspirated","","","","","",""
"tl","consonant","alveolar","lateral affricate","voiceless","unaspirated","","","","","",""
"r̥","consonant","alveolar","trill","voiceless","unaspirated","","","","","",""
"eː","vowel","","","","","monophthong","high-mid","front","unrounded","long","oral"
"uː","vowel","","","","","monophthong","high","back","rounded","long","oral"
"aː","vowel","","","","","monophthong","low","central","unrounded","long","oral"
"oi","vowel","","","","","diphthong","","","","short",""
"oːi","vowel","","","","","diphthong","","","","long",""
"iu","vowel","","","","","diphthong","","","","short",""
"eu","vowel","","","","","diphthong","","","","short",""
"eːu","vowel","","","","","diphthong","","","","long",""
"ou","vowel","","","","","diphthong","","","","short",""
"aːu","vowel","","","","","diphthong","","","","long",""
"ia:","vowel","","","","","diphthong","","","","long",""
"uaː","vowel","","","","","diphthong","","","","long",""
"uai","vowel","","","","","triphthong","","","","",""
"iau","vowel","","","","","triphthong","","","","",""
"r","consonant","alveolar","trill","voiced","unaspirated","","","","","",""
"c","consonant","palatal","plosive","voiceless","unaspirated","","","","","",""
"ɟ","consonant","palatal","plosive","voiced","unaspirated","","","","","",""
"ʃ","consonant","postalveolar","fricative","voiceless","unaspirated","","","","","",""
"j̊","consonant","palatal","approximant","voiceless","unaspirated","","","","","",""
"ɘ","vowel","","","","","monophthong","high-mid","central","unrounded","short","oral"
"æ","vowel","","","","","monophthong","near-low","front","unrounded","short","oral"
"tʰɬ","consonant","alveolar","lateral affricate","voiceless","aspirated","","","","","",""
"tʃ","consonant","postalveolar","affricate","voiceless","unaspirated","","","","","",""
"dʒ","consonant","postalveolar","affricate","voiced","unaspirated","","","","","",""
"e̝","vowel","","","","","monophthong","raised high-mid","front","unrounded","short","oral"
"əu","vowel","","","","","diphthong","","","","short",""
"ɹ̥","consonant","alveolar","approximant","voiceless","unaspirated","","","","","",""
"y","vowel","","","","","monophthong","high","front","rounded","short","oral"
"yː","vowel","","","","","monophthong","high","front","rounded","long","oral"
"øː","vowel","","","","","monophthong","high-mid","front","rounded","long","oral"
"ɨː","vowel","","","","","monophthong","high","central","unrounded","long","oral"
"ʉː","vowel","","","","","monophthong","high","central","rounded","long","oral"
"io","vowel","","","","","diphthong","","","","short",""
"ie","vowel","","","","","diphthong","","","","short",""
"tlʰ","consonant","alveolar","lateral affricate","voiceless","aspirated","","","","","",""
"ɨ","vowel","","","","","monophthong","high","central","unrounded","short","oral"
"uo","vowel","","","","","diphthong","","","","short",""
"yə","vowel","","","","","diphthong","","","","short",""
"ɯe","vowel","","","","","diphthong","","","","short",""
"mʰ","consonant","bilabial","nasal","voiced","aspirated","","","","","",""
"nʰ","consonant","alveolar","nasal","voiced","aspirated","","","","","",""
"i̞","vowel","","","","","monophthong","lowered high","front","unrounded","short","oral"
"u̞","vowel","","","","","monophthong","lowered high","back","rounded","short","oral"
"ø","vowel","","","","","monophthong","high-mid","front","rounded","short","oral"
"ɑ","vowel","","","","","monophthong","low","back","unrounded","short","oral"
"ɑ̞","vowel","","","","","monophthong","lowered low","back","unrounded","short","oral"
"eɪ","vowel","","","","","diphthong","","","","short",""
"øɪ","vowel","","","","","diphthong","","","","short",""
"ɐʊ","vowel","","","","","diphthong","","","","short",""
"ɑi","vowel","","","","","diphthong","","","","short",""
"ɓ","consonant","bilabial","implosive","voiced","unaspirated","","","","","",""
"oː","vowel","","","","","monophthong","high-mid","back","rounded","long","oral"
"ʑ","consonant","alveolo-palatal","fricative","voiced","unaspirated","","","","","",""
"ç","consonant","palatal","fricative","voiceless","unaspirated","","","","","",""
"ʝ","consonant","palatal","fricative","voiced","unaspirated","","","","","",""
"ʁ","consonant","uvular","fricative","voiced","unaspirated","","","","","",""
"kx","consonant","velar","affricate","voiceless","unaspirated","","","","","",""
"œi","vowel","","","","","diphthong","","","","short",""
"eːi","vowel","","","","","diphthong","","","","long",""
"iːu","vowel","","","","","diphthong","","","","long",""
"iai","vowel","","","","","triphthong","","","","",""
"uau","vowel","","","","","triphthong","","","","",""
"iɑ","vowel","","","","","diphthong","","","","short",""
"uɑ","vowel","","","","","diphthong","","","","short",""
"ɛu","vowel","","","","","diphthong","","","","short",""
"ɑu","vowel","","","","","diphthong","","","","short",""
"ɑːi","vowel","","","","","diphthong","","","","long",""
"ɛːu","vowel","","","","","diphthong","","","","long",""
"ɑːu","vowel","","","","","diphthong","","","","long",""
"iɑi","vowel","","","","","triphthong","","","","",""
"uɑi","vowel","","","","","triphthong","","","","",""
"iɑu","vowel","","","","","triphthong","","","","",""
"uɑu","vowel","","","","","triphthong","","","","",""
"χ","consonant","uvular","fricative","voiceless","unaspirated","","","","","",""
"ĩ","vowel","","","","","monophthong","high","front","unrounded","short","nasalized"
"ỹ","vowel","","","","","monophthong","high","front","rounded","short","nasalized"
"ẽ","vowel","","","","","monophthong","high-mid","front","unrounded","short","nasalized"
"ø̃","vowel","","","","","monophthong","high-mid","front","rounded","short","nasalized"
"ɛ̃","vowel","","","","","monophthong","low-mid","front","unrounded","short","nasalized"
"ã","vowel","","","","","monophthong","low","central","unrounded","short","nasalized"
"ɯ̃","vowel","","","","","monophthong","high","back","unrounded","short","nasalized"
"ũ","vowel","","","","","monophthong","high","back","rounded","short","nasalized"
"ɤ̃","vowel","","","","","monophthong","high-mid","back","unrounded","short","nasalized"
"õ","vowel","","","","","monophthong","high-mid","back","rounded","short","nasalized"
"ɒ","vowel","","","","","monophthong","low","back","rounded","short","oral"
"ɑ̃","vowel","","","","","monophthong","low","back","unrounded","short","nasalized"
"ɒ̃","vowel","","","","","monophthong","low","back","rounded","short","nasalized"
"o:","vowel","","","","","monophthong","high-mid","back","rounded","long","oral"
"ɞ","vowel","","","","","monophthong","low-mid","central","rounded","short","oral"
"ɒi","vowel","","","","","diphthong","","","","short",""
"n̪̊","consonant","dental","nasal","voiceless","unaspirated","","","","","",""
"n̪","consonant","dental","nasal","voiced","unaspirated","","","","","",""
"uei","vowel","","","","","triphthong","","","","",""
"oai","vowel","","","","","triphthong","","","","",""
"ɔai","vowel","","","","","triphthong","","","","",""
"lˀ","consonant","alveolar","lateral approximant","voiced","unaspirated","","","","","",""
"ɛ:u","vowel","","","","","diphthong","","","","long",""
"iei","vowel","","","","","triphthong","","","","",""
"uou","vowel","","","","","triphthong","","","","",""
"ue","vowel","","","","","diphthong","","","","short",""
"θ","consonant","interdental","fricative","voiceless","unaspirated","","","","","",""
"cʰ","consonant","palatal","plosive","voiceless","aspirated","","","","","",""
